{"cameraMode":{"drawMode":0,"name":"Shaded","section":"Shading Mode"},"sceneLighting":true,"audioPlay":false,"sceneViewState":{"showFog":true,"showMaterialUpdate":true,"showSkybox":true,"showFlares":true,"showImageEffects":true,"showParticleSystems":true},"in2DMode":false,"pivot":{"x":-8.042268753051758,"y":11.61902904510498,"z":-1.6964136362075806},"rotation":{"x":-0.11271638423204422,"y":-0.8415629863739014,"z":0.19289562106132508,"w":-0.4918382465839386},"size":3.0216972827911379,"orthographic":false}