{"cameraMode":{"drawMode":0,"name":"Shaded","section":"Shading Mode"},"sceneLighting":true,"audioPlay":false,"sceneViewState":{"showFog":true,"showMaterialUpdate":true,"showSkybox":true,"showFlares":true,"showImageEffects":true,"showParticleSystems":true},"in2DMode":false,"pivot":{"x":-7.776189804077148,"y":-12.360025405883789,"z":-12.0806884765625},"rotation":{"x":-0.1513945460319519,"y":0.8197330832481384,"z":-0.252483606338501,"w":-0.49137404561042788},"size":18.286500930786134,"orthographic":false}