{"cameraMode":{"drawMode":0,"name":"Shaded","section":"Shading Mode"},"sceneLighting":true,"audioPlay":false,"sceneViewState":{"showFog":true,"showMaterialUpdate":true,"showSkybox":true,"showFlares":true,"showImageEffects":true,"showParticleSystems":true},"in2DMode":false,"pivot":{"x":5.389441013336182,"y":-0.2534651756286621,"z":4.711693286895752},"rotation":{"x":-0.2209848165512085,"y":-0.3739764988422394,"z":0.09223580360412598,"w":-0.8959981799125671},"size":8.857237815856934,"orthographic":false}