{"cameraMode":{"drawMode":0,"name":"Shaded","section":"Shading Mode"},"sceneLighting":true,"audioPlay":false,"sceneViewState":{"showFog":true,"showMaterialUpdate":true,"showSkybox":true,"showFlares":true,"showImageEffects":true,"showParticleSystems":true},"in2DMode":false,"pivot":{"x":6.3991804122924809,"y":4.317050933837891,"z":3.1800689697265627},"rotation":{"x":-0.17610782384872437,"y":-0.7099334597587586,"z":0.19100497663021089,"w":-0.654634952545166},"size":9.324490547180176,"orthographic":false}