{"cameraMode":{"drawMode":0,"name":"Shaded","section":"Shading Mode"},"sceneLighting":true,"audioPlay":false,"sceneViewState":{"showFog":true,"showMaterialUpdate":true,"showSkybox":true,"showFlares":true,"showImageEffects":true,"showParticleSystems":true},"in2DMode":false,"pivot":{"x":-2.767942428588867,"y":-2.173431396484375,"z":1.4952516555786133},"rotation":{"x":0.25505125522613528,"y":-0.3902375400066376,"z":0.11343991756439209,"w":0.8773834705352783},"size":8.897799491882325,"orthographic":false}