{"cameraMode":{"drawMode":0,"name":"Shaded","section":"Shading Mode"},"sceneLighting":true,"audioPlay":false,"sceneViewState":{"showFog":true,"showMaterialUpdate":true,"showSkybox":true,"showFlares":true,"showImageEffects":true,"showParticleSystems":true},"in2DMode":false,"pivot":{"x":-4.928424835205078,"y":0.8342933654785156,"z":7.435970306396484},"rotation":{"x":0.07509539276361466,"y":-0.6853572130203247,"z":0.07140490412712097,"w":0.7208145260810852},"size":3.007394790649414,"orthographic":false}