{"cameraMode":{"drawMode":0,"name":"Shaded","section":"Shading Mode"},"sceneLighting":true,"audioPlay":false,"sceneViewState":{"showFog":true,"showMaterialUpdate":true,"showSkybox":true,"showFlares":true,"showImageEffects":true,"showParticleSystems":true},"in2DMode":false,"pivot":{"x":4.336206436157227,"y":5.077885627746582,"z":-0.658930778503418},"rotation":{"x":0.16227395832538606,"y":0.823948085308075,"z":-0.2922264635562897,"w":0.45763781666755679},"size":6.113167762756348,"orthographic":false}