{"cameraMode":{"drawMode":0,"name":"Shaded","section":"Shading Mode"},"sceneLighting":true,"audioPlay":false,"sceneViewState":{"showFog":true,"showMaterialUpdate":true,"showSkybox":true,"showFlares":true,"showImageEffects":true,"showParticleSystems":true},"in2DMode":false,"pivot":{"x":14.303378105163575,"y":2.0741872787475588,"z":1.5971101522445679},"rotation":{"x":-0.1652352660894394,"y":-0.6747274994850159,"z":0.15891589224338532,"w":-0.7015625238418579},"size":10.683675765991211,"orthographic":false}